precision,recall,f1-score
0.6322245322245322,0.8146263059201715,0.7119278941823715
