precision,recall,f1-score
0.8033325510443557,0.6375488917861799,0.7109034267912773
