precision,recall,f1-score
0.7623423423423423,0.827660406885759,0.7936597261301819
