precision,recall,f1-score
0.8810648346930013,0.8237655560016057,0.8514522821576763
