precision,recall,f1-score
0.9568982483763039,0.9535202980976663,0.9552062868369353
