precision,recall,f1-score
0.9899437531958412,0.9845736565519579,0.987251402345742
