precision,recall,f1-score
0.6772727272727272,0.6575463371579876,0.6672637707120466
