precision,recall,f1-score
0.6517671517671517,0.8441033925686591,0.7355701548568747
