precision,recall,f1-score
0.8131893921614645,0.6476635514018692,0.7210487982520027
