precision,recall,f1-score
0.8041441441441441,0.8323386795971652,0.8179985337243402
