precision,recall,f1-score
0.907900386431945,0.8788445552784705,0.8931362196409716
