precision,recall,f1-score
0.9641802794725448,0.9585208374095089,0.9613422291993721
