precision,recall,f1-score
0.9914777569456281,0.9872708757637475,0.9893698443745217
