precision,recall,f1-score
0.7436363636363637,0.7532228360957642,0.7483989021043
